{"detikzify-v2.5-8b": {"MeanTokenEfficiency": 1.0, "TexEditDistance": 0.49295806884765625, "ClipScore": 0.10809883280821583, "ImageSim (COS)": 0.9364220536632438, "DreamSim": 0.869140625, "KernelInceptionDistance": [-0.024658203125, 0.0089111328125], "Redacted ClipScore": 0.045230146771406424, "Redacted ImageSim (COS)": 0.8337710529475038, "Redacted DreamSim": 0.8338694852941176}}