{"detikzify-v2.5-8b": {"MeanTokenEfficiency": 1.0, "TexEditDistance": 0.45563575625419617, "ClipScore": 0.09589094013961799, "ImageSim (COS)": 0.9336385021706074, "DreamSim": 0.8785615808823529, "KernelInceptionDistance": [-0.020751953125, 0.007354736328125], "Redacted ClipScore": 0.08694427561781862, "Redacted ImageSim (COS)": 0.8446769675464351, "Redacted DreamSim": 0.8298483455882353}}